LotArea,YearBuilt,1stFlrSF,2ndFlrSF,FullBath,BedroomAbvGr,TotRmsAbvGrd,predicted_price
8450,2003,856,854,2,3,8,208500.0
9600,1976,1262,0,2,3,6,181500.0
11250,2001,920,866,2,3,6,223500.0
9550,1915,961,756,1,3,7,140000.0
14260,2000,1145,1053,2,4,9,250000.0
14115,1993,796,566,1,1,5,143000.0
10084,2004,1694,0,2,3,7,307000.0
10382,1973,1107,983,2,3,7,200000.0
6120,1931,1022,752,2,2,8,129900.0
7420,1939,1077,0,1,2,5,118000.0
11200,1965,1040,0,1,3,5,129500.0
11924,2005,1182,1142,3,4,11,345000.0
12968,1962,912,0,1,2,4,144000.0
10652,2006,1494,0,2,3,7,279500.0
10920,1960,1253,0,1,2,5,157000.0
6120,1929,854,0,1,2,5,132000.0
11241,1970,1004,0,1,2,5,149000.0
10791,1967,1296,0,2,2,6,90000.0
13695,2004,1114,0,1,3,6,159000.0
7560,1958,1339,0,1,3,6,139000.0
14215,2005,1158,1218,3,4,9,325300.0
7449,1930,1108,0,1,3,6,139400.0
9742,2002,1795,0,2,3,7,230000.0
4224,1976,1060,0,1,3,6,129900.0
8246,1968,1060,0,1,3,6,154000.0
14230,2007,1600,0,2,3,7,256300.0
7200,1951,900,0,1,3,5,134800.0
11478,2007,1704,0,2,3,7,306000.0
16321,1957,1600,0,1,2,6,207500.0
6324,1927,520,0,1,1,4,68500.0
8500,1920,649,668,1,3,6,40000.0
8544,1966,1228,0,1,3,6,149350.0
11049,2007,1234,0,2,3,7,179900.0
10552,1959,1700,0,1,4,6,165500.0
7313,2005,1561,0,2,2,6,277500.0
13418,2004,1132,1320,3,4,9,309000.0
10859,1994,1097,0,1,3,6,145000.0
8532,1954,1297,0,1,3,5,153000.0
7922,1953,1057,0,1,3,5,109000.0
6040,1955,1152,0,2,2,6,82000.0
8658,1965,1324,0,2,3,6,160000.0
16905,1959,1328,0,1,2,5,170000.0
9180,1983,884,0,1,2,5,144000.0
9200,1975,938,0,1,3,5,130250.0
7945,1959,1150,0,1,3,6,141000.0
7658,2005,1752,0,2,2,6,319900.0
12822,2003,1518,631,1,1,6,239686.0
11096,2006,1656,0,2,3,7,249700.0
4456,1920,736,716,2,2,8,113000.0
7742,1966,955,0,1,3,6,127000.0
13869,1997,794,676,2,3,6,177000.0
6240,1934,816,0,1,3,6,114500.0
8472,1963,816,0,1,2,5,110000.0
50271,1981,1842,0,0,0,5,385000.0
7134,1955,1360,0,1,3,6,130000.0
10175,1964,1425,0,2,3,7,180500.0
2645,1999,983,756,2,3,7,172500.0
11645,2004,860,860,2,3,7,196500.0
13682,2006,1426,1519,3,3,10,438780.0
7200,1972,780,0,1,2,4,124900.0
13072,2004,1158,0,1,3,5,158000.0
7200,1920,581,530,1,3,6,101000.0
6442,2006,1370,0,2,2,6,202500.0
10300,1921,902,808,2,3,9,140000.0
9375,1997,1057,977,2,3,8,219500.0
9591,2004,1143,1330,2,4,9,317000.0
19900,1970,2207,0,2,3,7,180000.0
10665,2003,1479,0,2,3,7,226000.0
4608,1945,747,0,1,2,4,80000.0
15593,1953,1304,983,2,3,7,225000.0
13651,1973,2223,0,2,3,8,244000.0
7599,1982,845,0,1,2,4,129500.0
10141,1998,885,833,2,3,7,185000.0
10200,1954,1086,0,1,3,6,144900.0
5790,1915,840,765,2,3,8,107400.0
1596,1973,526,462,1,2,5,91000.0
8475,1956,952,0,1,2,4,135750.0
8635,1948,1072,213,1,2,6,127000.0
10778,1968,1768,0,2,4,8,136500.0
10440,1910,682,548,1,2,5,110000.0
13000,1968,1182,960,2,4,8,193500.0
4500,1998,1337,0,2,2,5,153500.0
10206,2007,1563,0,2,3,6,245000.0
8892,1960,1065,0,1,3,6,126500.0
8530,1995,804,670,2,3,7,168500.0
16059,1991,1301,1116,2,4,9,260000.0
11911,2005,684,876,2,3,6,174000.0
3951,2009,612,612,2,2,4,164500.0
8470,1915,1013,0,1,2,6,85000.0
8070,1994,990,0,1,3,5,123600.0
7200,1950,1040,0,1,2,4,109900.0
8500,1961,1235,0,1,2,6,98600.0
13360,1921,964,0,1,2,5,163500.0
7200,1910,1260,1031,2,4,9,133900.0
9337,1997,905,881,2,3,7,204750.0
9765,1993,680,790,2,3,6,185000.0
10264,1999,1588,0,2,3,6,214000.0
10921,1965,960,0,1,3,6,94750.0
10625,1920,835,0,1,2,5,83000.0
9320,1959,1225,0,1,3,6,128950.0
10603,1977,1610,0,2,3,6,205000.0
9206,1985,977,755,2,3,7,178000.0
7018,1979,1535,0,2,4,8,118911.0
10402,2009,1226,0,2,3,6,198900.0
7758,1931,1226,592,1,4,7,169500.0
9375,2003,1053,939,2,3,9,250000.0
10800,1885,1047,0,1,2,6,100000.0
6000,1948,789,0,1,2,5,115000.0
8500,1919,997,520,2,3,7,115000.0
11751,1977,1844,0,2,3,7,190000.0
9525,1954,1216,639,2,4,7,136900.0
7750,2000,774,656,2,3,7,180000.0
9965,2007,1282,1414,2,4,10,383970.0
21000,1953,2259,0,2,3,7,217000.0
7259,1945,1436,884,2,3,9,259500.0
3230,1999,729,729,2,2,5,176000.0
11616,1962,1092,0,1,3,6,139000.0
8536,2006,1125,0,1,2,5,155000.0
12376,1990,1699,1523,3,5,11,320000.0
8461,2005,728,728,2,3,8,163990.0
21453,1969,988,0,1,1,4,180000.0
6060,1939,772,351,1,3,4,100000.0
9464,1958,1080,0,1,3,5,136000.0
7892,1993,1199,0,2,2,5,153900.0
17043,1979,1586,0,2,3,7,181000.0
6780,1935,520,0,1,2,5,84500.0
4928,1976,958,0,2,2,5,135875.0
4388,1930,840,0,1,3,5,87000.0
7590,1966,660,688,1,3,6,155000.0
8973,1958,1053,0,1,3,6,150000.0
14200,1966,1216,941,2,4,8,226000.0
12224,2000,1022,1032,2,3,7,244000.0
7388,1959,1327,0,1,3,7,150750.0
6853,2001,1296,0,2,2,6,220000.0
10335,1968,1721,0,2,3,7,180000.0
10400,1970,1682,0,2,3,7,174000.0
10355,1967,1214,0,2,3,5,143000.0
11070,1988,1959,0,3,5,9,171000.0
9066,1999,1004,848,2,3,7,230000.0
15426,1997,928,836,2,3,7,231500.0
10500,1971,864,0,1,3,5,115000.0
11645,2005,1734,0,2,3,7,260000.0
8520,1952,910,475,2,4,6,166000.0
10335,1999,1501,0,2,3,6,204000.0
9100,1963,1728,0,2,6,10,125000.0
2522,2004,970,739,2,3,7,132500.0
6120,1931,875,0,1,2,5,105000.0
9505,2001,884,1151,2,3,8,222500.0
7500,2004,1080,0,1,3,6,141000.0
6240,1936,896,448,1,3,7,115000.0
10356,1975,969,0,1,3,5,122000.0
13891,2007,1710,0,2,2,6,372402.0
14803,1971,1097,896,2,4,8,190000.0
13500,1960,1252,0,1,1,4,235000.0
11340,1923,1200,0,1,4,7,125000.0
9600,1924,572,524,1,2,5,79000.0
7200,1950,1040,0,1,2,5,109500.0
12003,2009,774,1194,2,4,8,269500.0
12552,2004,991,956,2,3,8,254900.0
19378,2005,1392,1070,2,4,9,320000.0
11120,1984,1232,0,2,3,6,162500.0
13688,2003,1572,1096,2,3,10,412500.0
12182,2005,1541,0,2,3,7,220000.0
5500,1956,882,0,1,1,4,103200.0
5400,1926,1149,467,2,3,5,152000.0
10106,1940,808,547,2,4,6,127500.0
10708,1955,1867,0,1,2,7,190000.0
10562,2007,1610,551,1,3,8,325624.0
8244,2004,840,880,2,3,7,183500.0
16669,1981,1707,0,2,2,6,228000.0
12358,1941,854,0,1,2,7,128500.0
31770,1960,1656,0,1,3,7,215000.0
5306,1987,1064,703,2,2,5,239000.0
10197,1961,1362,0,1,3,6,163000.0
12416,1986,1651,0,2,3,7,184000.0
12615,1950,2158,0,2,4,7,243000.0
10029,1988,1164,896,2,4,8,211000.0
13650,1958,1252,668,2,4,8,172500.0
17423,2008,2234,0,2,1,9,501837.0
8520,1923,968,0,1,2,5,100000.0
2117,2000,769,756,2,3,5,177000.0
7588,1920,901,901,1,4,9,200100.0
9060,1957,1340,0,1,3,7,120000.0
11426,2003,1362,720,2,3,6,200000.0
7438,1908,936,316,1,3,5,127000.0
22950,1892,1518,1518,2,4,12,475000.0
9947,1990,1217,0,2,3,6,173000.0
10410,1916,808,704,2,3,8,135000.0
7018,1979,1224,0,0,2,6,153337.0
4923,2001,1593,0,1,0,5,286000.0
10570,1932,1549,1178,2,3,10,315000.0
7472,1972,725,754,1,4,7,184000.0
9017,1999,1431,0,2,3,6,192000.0
2522,2004,970,739,2,3,7,132500.0
7180,1972,864,0,1,3,5,127000.0
2280,1976,855,601,2,3,7,148500.0
9416,2007,1726,0,2,3,8,311872.0
25419,1918,1360,1360,2,4,8,235000.0
5520,1912,929,929,1,5,8,104000.0
9591,2004,1713,0,2,3,7,274900.0
8546,2003,1121,0,2,2,5,140000.0
10125,1977,1279,0,2,3,6,171500.0
7000,1924,865,445,2,2,6,112000.0
4438,2004,848,0,1,1,3,149000.0
3500,1947,720,564,1,2,5,110000.0
11851,1990,1442,0,2,3,5,180500.0
13673,1962,1696,0,1,3,8,143900.0
12493,1960,1100,0,1,3,6,141000.0
14364,1988,1180,882,2,3,7,277000.0
8250,1964,1092,0,1,3,6,145000.0
5604,1925,864,0,1,2,5,98000.0
10420,2009,1212,0,2,3,6,186000.0
8640,2009,932,920,2,3,7,252678.0
13568,1995,990,0,1,3,5,156000.0
10900,1977,689,703,1,3,6,161750.0
10011,1957,1236,0,1,2,6,134450.0
8450,2004,1436,0,2,3,8,210000.0
9906,1925,810,518,1,3,8,107000.0
15660,1939,1137,817,1,3,8,311500.0
3010,2005,1248,0,2,2,5,167240.0
8990,2006,1498,0,2,2,5,204900.0
8068,2002,1010,1257,2,4,8,200000.0
11475,1975,811,741,2,3,6,179900.0
10500,1971,864,0,1,2,4,97000.0
13472,2003,2392,0,2,3,8,386250.0
1680,1971,630,672,2,3,6,112000.0
9950,1995,1214,1306,2,4,9,290000.0
1869,1970,483,504,1,2,5,106000.0
8521,1967,912,0,1,3,5,125000.0
3182,2005,1555,0,2,2,7,192500.0
8760,1959,1194,0,1,3,6,148000.0
15138,1995,1490,1304,2,4,9,403000.0
1680,1972,483,504,1,2,5,106250.0
10650,1976,894,0,1,3,5,128200.0
7851,2002,860,1100,2,4,8,216500.0
1680,1971,483,504,1,2,5,89500.0
8773,2004,1414,0,2,3,6,185500.0
9453,1993,1014,730,2,3,7,194500.0
12030,2007,1694,0,2,3,7,318000.0
8741,1945,798,689,1,3,7,113000.0
9000,2008,1566,0,2,3,7,262500.0
3880,1945,866,0,1,2,4,110500.0
5000,1900,889,551,1,3,6,79000.0
10762,1980,626,591,1,3,6,120000.0
8880,1994,1222,888,2,3,8,205000.0
10400,1988,1872,0,2,3,6,241500.0
9142,1910,908,1020,2,4,9,137000.0
11310,1954,1375,0,1,2,5,140000.0
11317,2003,840,828,2,3,8,180000.0
159000,1958,1444,700,2,4,7,277000.0
5350,1940,1306,0,1,3,6,76500.0
4750,2006,1625,0,2,2,5,235000.0
8366,2004,798,842,2,3,6,173000.0
9350,1964,1302,0,2,3,7,158000.0
8400,1957,1314,0,1,3,5,145000.0
8738,1999,1005,1286,2,4,8,230000.0
8791,2003,864,864,2,3,7,207500.0
8814,2006,1604,0,2,3,8,220000.0
12435,2001,963,829,2,3,7,231500.0
12702,1956,882,0,1,2,4,97000.0
19296,1962,1382,0,1,3,6,176000.0
9588,2007,1482,1092,2,3,10,276000.0
8471,1977,1212,0,1,3,6,151000.0
5500,1929,926,0,1,3,6,130000.0
5232,1925,764,0,1,2,4,73000.0
12090,1981,1422,0,2,3,7,175500.0
11207,1997,802,709,2,3,8,185000.0
8400,1939,1052,720,2,4,8,179500.0
6900,1940,778,0,1,2,4,120500.0
7917,1976,1113,0,1,3,6,148000.0
10728,2006,1095,844,2,3,8,266000.0
39104,1954,1363,0,1,2,5,241500.0
11764,1999,1164,1106,2,4,9,290000.0
9600,1958,1632,0,2,3,6,139000.0
8314,1982,816,0,1,2,5,124500.0
7264,1925,952,596,2,3,5,205000.0
9196,2003,1560,0,2,3,7,201000.0
19138,1951,864,0,1,2,4,141000.0
14450,2006,2121,0,2,3,8,415298.0
10005,1977,1156,866,2,4,8,192000.0
11287,1989,1175,807,2,3,7,228500.0
7200,2006,1262,0,2,2,5,185000.0
5063,2007,1314,0,2,2,6,207500.0
9612,2008,1468,0,2,3,6,244600.0
8012,1992,1575,0,2,2,5,179200.0
4251,2006,625,625,2,2,5,164700.0
9786,1962,1085,649,1,3,7,159000.0
8125,1971,858,0,1,3,5,88000.0
9819,1967,900,0,1,3,5,122000.0
8730,1915,698,698,1,3,7,153575.0
15611,2006,1079,840,2,3,8,233230.0
5687,1912,936,780,2,6,9,135900.0
11409,1949,1148,568,1,3,8,131000.0
16659,1977,1468,795,2,3,9,235000.0
9600,1953,1644,0,1,3,7,167000.0
7937,1984,1003,0,1,3,6,142500.0
13710,1950,910,648,1,4,6,152000.0
7399,1997,975,975,2,3,7,239000.0
11700,1968,1041,702,1,3,7,175000.0
14000,1950,1152,0,1,3,6,158500.0
15750,1953,1336,0,1,2,5,157000.0
16226,1998,1210,1242,2,4,9,267000.0
13704,2001,1541,0,2,3,6,205000.0
9800,1972,894,0,1,3,5,149900.0
18386,1880,1675,1818,3,3,10,295000.0
10386,2004,2000,0,2,3,8,305900.0
13474,1990,1122,1121,2,4,8,225000.0
7920,1920,1035,371,1,3,6,89500.0
12342,1940,861,0,1,1,4,82500.0
12378,2003,1944,0,2,3,8,360000.0
7685,1993,697,804,2,3,6,165600.0
8000,1948,972,0,1,2,5,132000.0
7800,1939,793,325,1,3,5,119900.0
215245,1965,2036,0,2,3,8,375000.0
9600,1925,832,809,1,3,6,178000.0
7795,2004,716,716,2,3,6,188500.0
13005,1980,1153,1200,2,4,10,260000.0
9000,2006,1088,871,2,3,8,270000.0
9900,1993,1372,1274,2,4,9,260000.0
14115,1980,1472,0,2,3,6,187500.0
16259,2006,1249,1347,3,4,9,342643.0
12099,2004,1136,1332,2,4,10,354000.0
10380,1986,1553,1177,2,4,8,301000.0
5820,1955,1163,0,1,3,6,126175.0
11275,1967,1898,1080,2,5,11,242000.0
5000,1941,803,0,1,2,5,87000.0
10846,1993,1719,0,1,1,6,324000.0
11600,1960,1383,0,1,3,7,145250.0
11888,1916,1445,689,2,5,10,214500.0
6402,1920,596,596,1,3,6,78000.0
10624,1964,1728,0,2,6,10,119000.0
8176,1958,1056,0,1,3,6,139000.0
10655,2003,1629,0,2,3,7,284000.0
8198,2004,1358,0,2,2,6,207000.0
9042,1998,943,695,2,3,7,192000.0
164660,1965,1619,167,2,3,7,228950.0
14157,2005,1922,0,2,3,8,377426.0
9135,2002,1536,0,2,3,7,214000.0
14145,1984,1621,0,2,3,8,202500.0
12400,1958,1215,0,1,3,6,155000.0
14191,2002,993,915,2,4,9,202900.0
8400,1950,841,0,1,2,4,82000.0
8544,1949,1040,0,2,2,6,87500.0
8849,2005,1684,0,2,2,6,266000.0
2592,1976,536,576,1,3,4,85000.0
6435,1939,972,605,1,3,6,140200.0
12772,1960,958,0,1,2,5,151500.0
17600,1960,1478,0,2,3,6,157500.0
2448,2003,764,862,2,2,6,154000.0
20431,2005,1848,880,2,4,10,437154.0
7820,2007,1869,0,2,2,6,318061.0
5271,1986,1453,0,1,2,6,190000.0
9084,1941,616,495,1,3,5,95000.0
8520,1928,720,0,1,2,5,105900.0
8400,1940,1192,403,1,2,6,140000.0
11249,1995,1200,0,2,3,6,177500.0
9248,1992,1167,0,2,3,6,173000.0
4224,1976,1142,0,1,3,6,134000.0
6930,1958,1352,0,1,3,6,130000.0
12011,1998,1086,838,2,3,7,280000.0
7540,1978,912,0,1,2,5,156000.0
9144,1940,988,517,1,3,8,145000.0
7301,2003,495,1427,3,4,7,198500.0
1680,1972,483,504,1,2,5,106250.0
18800,1976,790,784,2,3,6,190000.0
10690,1920,672,672,1,3,6,147000.0
9500,1963,1394,0,1,3,6,159000.0
9150,1962,1431,0,1,3,6,165000.0
7800,1954,1268,0,1,2,7,132000.0
9830,1959,1287,0,1,3,7,162000.0
8121,2000,953,711,2,3,7,172400.0
17120,1959,1120,468,2,4,7,134432.0
7175,1984,752,0,1,2,4,125000.0
10634,1953,1319,0,1,3,5,123000.0
8200,2003,847,1081,2,4,8,219500.0
10020,1922,904,0,0,1,4,61000.0
8846,1996,914,0,1,2,5,148000.0
11143,2004,1580,886,3,4,8,340000.0
11394,2010,1856,0,1,1,8,394432.0
8123,2000,1007,793,2,3,7,179000.0
5000,1924,1026,665,2,3,6,127000.0
7200,2006,1301,0,2,2,5,187750.0
9245,2006,939,858,2,3,8,213500.0
9000,1928,784,0,1,2,5,76000.0
53107,1992,1079,874,2,3,9,240000.0
3182,2004,1269,0,2,2,6,192000.0
8410,1910,658,526,1,5,8,81000.0
7200,1976,1125,0,1,3,6,125000.0
9382,1999,1479,0,2,3,6,191000.0
12474,2007,1742,590,2,3,9,426000.0
8405,1900,961,406,1,4,7,119000.0
12209,2001,804,1157,2,3,7,215000.0
8339,1959,882,0,1,3,5,106500.0
7446,1941,788,0,1,2,4,100000.0
10134,1940,735,299,1,2,5,109000.0
9571,1956,1144,0,1,3,6,129000.0
7200,1972,894,0,1,2,6,123000.0
7590,1962,876,936,2,4,8,169500.0
8967,1920,1077,0,1,2,6,67000.0
8125,2006,1112,438,2,2,7,241000.0
14963,1996,1288,0,1,1,4,245500.0
8767,2005,1310,0,2,3,6,164990.0
10200,1940,672,0,1,2,4,108000.0
12090,1998,1165,1098,2,4,10,258000.0
10364,1995,806,766,2,3,7,168000.0
9991,1976,1620,0,2,3,8,150000.0
10480,1936,1166,0,1,3,6,115000.0
15576,1915,840,840,2,4,8,177000.0
14154,2006,1071,1101,2,3,9,280000.0
10800,2007,1050,1028,2,3,8,339750.0
9571,1958,1276,0,1,3,5,60000.0
34650,1955,1056,0,1,3,5,145000.0
4403,2009,1478,0,2,2,7,222000.0
8960,1927,1028,0,1,2,5,115000.0
11228,1993,1080,1017,2,3,9,228000.0
8899,2007,1340,0,2,3,6,181134.0
7844,1978,672,728,1,3,6,149500.0
22420,1918,1370,1254,2,4,10,239000.0
8160,1940,756,378,1,3,7,126000.0
8450,1968,1056,0,1,3,6,142000.0
7060,1997,1344,0,2,2,8,206300.0
16635,1977,1602,0,2,3,8,215000.0
21750,1954,988,0,1,2,4,113000.0
9200,1998,1470,1160,2,4,8,315000.0
9000,1956,1196,0,1,2,6,139000.0
3378,1946,707,682,1,3,6,135000.0
12800,1989,1644,0,2,2,5,275000.0
8593,1957,907,0,1,3,5,109008.0
6762,2007,1208,0,2,2,6,195400.0
11457,1988,1412,0,2,3,6,175000.0
1680,1971,483,504,1,2,4,85400.0
5586,1920,1088,110,1,4,7,79900.0
1920,1971,765,600,1,2,6,122500.0
10839,1997,926,678,2,3,7,181000.0
1890,1972,630,0,1,1,3,81000.0
10667,1996,827,834,2,3,6,212000.0
4400,1920,734,384,1,2,6,116000.0
6000,1926,904,0,1,2,4,119000.0
4280,1913,694,0,1,2,4,90350.0
12354,1920,684,512,1,3,7,110000.0
15431,2008,2402,0,2,2,10,555000.0
12108,1955,1440,0,2,4,8,118000.0
6240,1930,1128,445,2,3,8,162900.0
3922,2006,1258,0,2,2,6,172500.0
8750,1994,933,975,2,4,8,210000.0
9855,1956,1689,0,1,3,7,127500.0
16492,1966,1888,0,2,2,6,190000.0
11214,1998,956,930,2,4,10,199900.0
8600,1937,780,596,2,3,7,119500.0
6000,1948,679,504,1,2,6,120000.0
5684,1930,813,0,1,2,5,110000.0
70761,1975,1533,0,2,2,5,280000.0
9303,1996,888,868,2,3,7,204000.0
9000,2008,786,804,2,3,6,210000.0
9297,1976,1728,0,2,4,8,188000.0
9600,1973,1242,0,1,3,6,175500.0
4571,1916,624,720,1,4,7,98000.0
53227,1954,1663,0,1,2,6,256000.0
5100,1925,833,833,1,3,7,161000.0
7015,1950,979,224,1,3,5,110000.0
8004,2009,832,1103,2,3,8,263435.0
7200,1936,575,560,1,3,6,155000.0
8281,1965,864,0,1,3,5,62383.0
11988,1934,849,811,1,3,6,188700.0
8430,1978,1040,0,2,3,5,124000.0
3072,2004,1414,0,2,2,6,178740.0
10628,1970,1277,0,1,2,5,167000.0
9480,1942,888,756,1,3,7,146500.0
11428,2006,1634,0,2,3,7,250000.0
9291,1993,832,878,2,3,7,187000.0
6820,1985,1502,0,1,1,4,212000.0
11952,1977,1161,808,2,3,8,190000.0
3675,2005,1072,0,1,2,5,146500.0
14977,2006,1976,0,2,2,7,440000.0
5330,2000,1652,0,2,2,6,251000.0
8480,1963,970,0,1,2,5,132500.0
13125,1997,1493,0,2,3,7,208900.0
13693,2006,2069,574,2,3,9,380000.0
10637,2007,1718,0,2,3,7,297000.0
5925,1937,1131,0,1,2,7,89471.0
16033,2004,1850,0,2,3,8,326000.0
11846,2003,1792,0,2,2,6,374000.0
2500,1915,916,910,1,4,7,155000.0
4500,1998,1216,0,2,2,5,164000.0
7758,1962,999,0,1,3,6,132500.0
9600,1950,1113,0,1,3,5,147000.0
10289,1965,1073,0,1,3,6,156000.0
12243,1971,1484,0,2,3,7,175000.0
10800,1900,1766,648,2,3,10,160000.0
1526,1970,630,0,1,1,3,86000.0
2665,1976,616,688,1,3,4,115000.0
9490,1941,958,620,1,3,5,133000.0
15578,2006,728,728,2,3,8,172785.0
7931,1960,1269,0,1,3,6,155000.0
5784,1938,886,0,1,2,4,91300.0
7879,1920,720,0,1,2,4,34900.0
12692,1992,3228,0,3,4,10,430000.0
9120,1925,1133,687,2,4,8,184000.0
7800,1967,899,0,1,3,5,130000.0
7535,1958,912,0,1,2,5,120000.0
1890,1973,672,546,1,3,7,113000.0
9803,2005,866,902,2,3,7,226700.0
9170,1965,1214,0,1,2,6,140000.0
15602,1959,1801,0,2,1,6,289000.0
2308,1974,855,467,2,3,6,147000.0
7596,1952,960,1000,2,4,10,124500.0
9554,1993,1065,846,2,3,8,215000.0
7862,2009,1218,0,2,2,4,208300.0
9600,1928,689,689,2,3,7,161000.0
9600,1959,1041,0,1,3,6,124500.0
14559,1951,1363,0,1,2,6,164900.0
6792,2005,1368,0,2,2,6,202665.0
9100,1958,864,0,1,3,5,129900.0
9187,1983,1080,0,1,3,5,134000.0
10594,1926,789,0,1,2,5,96500.0
12220,2009,2020,0,2,3,9,402861.0
10448,1972,1378,741,2,3,7,158000.0
10208,1996,1277,1067,2,3,7,265000.0
9531,1998,882,914,2,3,7,211000.0
10918,1926,1276,804,1,3,9,234000.0
10800,1900,694,600,2,3,7,106250.0
11988,1957,1244,0,1,3,6,150000.0
5000,1947,1004,660,2,3,7,159000.0
40094,2007,3138,1538,3,3,11,184750.0
11787,1996,1383,1015,2,3,8,315750.0
7500,2005,1266,0,2,3,6,176000.0
13300,1956,928,0,1,2,4,132000.0
14948,2008,1476,1237,2,3,11,446261.0
9098,1920,605,0,1,2,5,86000.0
32668,1957,2515,0,3,4,9,200624.0
10200,1988,1509,0,2,3,5,175000.0
6155,1920,751,611,2,3,6,128000.0
7200,1955,827,0,1,2,5,107500.0
5000,1946,334,0,1,1,2,39300.0
9056,2004,707,707,2,3,6,178000.0
7000,1910,820,527,1,3,5,107500.0
8924,1998,880,844,2,3,8,188000.0
12735,1972,864,0,1,3,5,111250.0
11553,1968,1159,0,1,3,7,158000.0
11423,2001,1601,0,2,3,6,272000.0
14601,2006,1838,0,2,2,8,315000.0
11000,2000,997,1288,2,4,8,248000.0
10140,1998,1680,0,2,3,7,213250.0
4058,1998,767,0,1,1,4,133000.0
17104,2006,664,832,2,3,7,179665.0
13837,1988,1377,806,2,4,9,229000.0
8737,1923,915,720,1,3,6,210000.0
7244,1970,768,0,1,2,5,129500.0
8235,1955,825,0,1,2,4,125000.0
9375,2003,912,1182,2,4,8,263000.0
4043,1977,1069,0,2,2,4,133750.0
6000,1957,928,0,1,3,5,112500.0
11146,2006,1717,0,2,3,7,255500.0
8777,1949,1126,0,2,2,5,108000.0
10625,2003,1006,1040,2,3,8,284000.0
6380,1922,1048,0,1,2,5,113000.0
14850,1957,1092,0,1,2,6,141000.0
11040,1920,897,439,1,3,7,108000.0
21872,1996,729,717,2,3,6,175000.0
3196,2003,1557,0,2,2,7,234000.0
11341,1957,1392,0,1,3,5,121500.0
10010,1974,1389,0,1,2,6,170000.0
13907,1940,996,0,1,3,6,108000.0
21780,1918,1163,511,2,4,8,185000.0
13346,1992,1166,1129,2,4,9,268000.0
6858,1915,841,806,1,4,6,128000.0
11198,2005,1134,1370,2,4,11,325000.0
10171,2004,1535,0,2,3,7,214000.0
12327,1983,1496,636,1,1,5,316600.0
7032,1979,943,0,1,2,4,135960.0
13101,1965,1728,0,2,6,10,142600.0
7332,1959,864,0,1,2,4,120000.0
13159,2009,846,846,2,3,6,224500.0
9967,2000,774,656,2,3,8,170000.0
10500,1971,576,533,1,3,5,139000.0
8480,1947,832,384,1,2,6,118500.0
6292,1928,877,600,2,3,6,145000.0
11777,1966,1320,0,1,3,6,164500.0
3604,2007,703,689,2,2,5,146000.0
12150,1954,1050,745,2,4,7,131500.0
14585,1960,1429,0,1,3,7,181900.0
12704,2008,2042,0,2,3,8,253293.0
11841,1990,816,0,1,3,5,118500.0
13500,1893,1521,1254,3,3,9,325000.0
6120,1935,989,584,1,3,6,133000.0
11443,2005,2028,0,2,2,7,369900.0
10267,1918,838,0,1,2,5,130000.0
8740,1982,860,0,1,2,4,137000.0
25095,1968,1473,0,1,1,5,143000.0
9100,1930,779,0,1,2,4,79500.0
8320,2004,770,812,2,3,6,185900.0
13478,2008,1728,568,2,3,10,451950.0
6600,1982,816,0,1,2,4,138000.0
4435,2003,848,0,1,1,4,142000.0
7990,1975,924,0,1,3,5,110000.0
11302,2005,1826,0,2,3,7,319000.0
3600,1910,684,684,1,3,7,114504.0
3922,2006,1402,0,0,2,7,194201.0
12984,1977,1647,0,2,3,7,217500.0
1950,1980,716,840,2,3,6,151000.0
10927,2005,1058,846,2,3,8,275000.0
9000,1937,780,595,1,3,6,141000.0
10041,1992,927,988,2,3,8,220000.0
3182,2004,600,600,2,2,4,151000.0
12803,2002,1494,0,2,3,6,221000.0
13600,1965,1186,800,2,3,7,205000.0
12464,1996,1040,0,1,3,6,152000.0
7800,1948,1112,896,3,3,8,225000.0
12168,1934,1940,1254,2,4,10,359100.0
7943,1961,1029,0,1,3,5,118500.0
11050,2000,1476,677,2,3,8,313000.0
10395,1978,1032,0,2,3,6,148000.0
11885,2001,1299,573,2,3,7,261500.0
8402,2007,1120,0,1,3,6,147000.0
1491,1972,630,0,1,1,3,75500.0
8800,1963,1054,0,1,3,6,137500.0
7861,2002,807,702,2,3,7,183200.0
7227,1954,832,0,1,2,4,105500.0
11694,2007,1828,0,2,3,9,314813.0
12244,2003,1482,780,2,4,10,305000.0
8248,1914,864,0,1,2,5,67000.0
10800,1974,1548,1066,2,4,9,240000.0
7064,1977,980,0,1,3,6,135000.0
2117,2000,756,756,2,2,4,168500.0
10400,1972,1012,778,1,4,8,165150.0
10000,1962,1116,0,1,3,5,160000.0
12342,1960,1422,0,1,3,6,139900.0
9600,1955,1520,0,1,3,7,153000.0
11606,1969,1040,1040,1,5,9,135000.0
9020,1964,1350,0,1,3,6,168500.0
9000,1880,1089,661,1,3,8,124000.0
4590,2006,1554,0,2,2,6,209500.0
11900,1977,1411,0,2,3,6,82500.0
9250,1954,1056,0,1,3,6,139400.0
6979,1980,1056,0,0,0,4,144000.0
10896,1914,1440,1440,2,8,14,200000.0
6120,1936,800,0,1,1,4,60000.0
6000,1954,811,576,2,3,7,93000.0
8777,1910,796,0,1,2,4,85000.0
3982,2006,1567,0,2,1,7,264561.0
12677,2003,1518,0,1,1,6,274000.0
7050,2001,1057,872,2,3,7,226000.0
13860,1972,2000,704,2,4,9,345000.0
10793,1969,780,840,2,4,7,152000.0
9187,2009,1766,0,2,2,7,370878.0
10530,1971,981,0,1,3,5,143250.0
7200,1950,1048,0,1,3,7,98300.0
10452,1953,1094,0,1,3,5,155000.0
7700,1966,1051,788,1,4,7,155000.0
1936,1970,630,0,1,1,3,84500.0
8125,2007,822,843,2,3,7,205950.0
9084,1940,755,755,1,4,7,108000.0
8750,1996,909,807,2,2,7,191000.0
10320,1906,756,713,1,3,7,135000.0
10437,1995,2113,0,2,2,7,350000.0
1680,1971,525,567,1,3,6,88000.0
10007,1959,1053,0,1,3,5,145500.0
7200,1931,851,651,1,3,6,149000.0
17503,1948,912,546,1,3,6,97500.0
9937,1964,1486,0,1,3,7,167000.0
12384,1976,1142,793,2,3,7,197900.0
46589,1994,1686,762,2,4,8,402000.0
13560,1968,1392,0,1,2,5,110000.0
10012,1972,1181,0,2,3,6,137500.0
20896,2005,2097,0,1,1,8,423000.0
11194,2000,1454,482,2,3,7,230500.0
18450,1965,1465,915,2,3,7,129000.0
8125,1994,1679,0,2,3,7,193500.0
14175,1956,1437,0,1,3,6,168000.0
11600,1922,1180,0,1,2,5,137500.0
8633,2005,738,738,2,3,7,173500.0
6629,1925,697,672,2,3,6,103600.0
11250,1977,1208,0,1,3,6,165000.0
14442,1957,1839,0,2,3,7,257500.0
9200,1965,1136,0,1,3,5,140000.0
2289,1978,855,586,2,3,7,148500.0
9600,1900,1095,679,2,4,8,87000.0
9022,1924,792,0,1,2,5,109500.0
11844,2008,2046,0,2,3,7,372500.0
9945,1961,988,0,1,3,5,128500.0
8012,1980,923,0,2,2,5,143000.0
4500,1932,848,672,1,3,6,159434.0
2887,1996,1291,0,1,2,6,173000.0
11248,2002,1668,0,2,3,7,285000.0
16770,1998,1195,644,2,4,7,221000.0
5062,1984,1190,900,2,3,6,207500.0
10207,2007,874,887,3,3,7,227875.0
5105,2004,551,551,2,2,4,148800.0
8089,2007,1419,0,2,2,7,392000.0
7577,2005,1362,0,2,2,6,194700.0
4426,2004,848,0,1,1,3,144433.33333333334
21535,1994,2444,1872,3,4,10,755000.0
26178,1989,1238,1281,2,4,9,335000.0
5400,1921,1073,0,1,2,4,108480.0
6120,1936,1067,472,1,3,5,141500.0
13811,1987,1137,0,2,2,5,176000.0
6000,1921,616,0,1,2,4,89000.0
6420,1952,1148,0,1,2,6,123500.0
8450,1965,894,0,1,3,5,138500.0
4282,2004,1391,0,2,2,5,196000.0
14331,2002,1800,0,2,3,7,312500.0
9600,1969,1164,0,1,3,6,140000.0
12438,2006,1264,1312,2,4,10,361919.0
7630,1900,1032,780,2,4,8,140000.0
8400,2004,1484,0,2,3,7,213000.0
5600,1930,372,720,2,3,7,55000.0
115149,1971,1824,0,2,2,5,302000.0
6240,2006,1324,0,2,2,6,254000.0
9018,2007,728,728,2,3,8,179540.0
7162,1966,904,0,1,3,6,109900.0
4130,1935,729,0,1,2,5,52000.0
8712,1900,859,319,1,2,7,102776.0
4671,1988,1228,0,2,2,5,189000.0
9873,1970,960,0,1,3,6,129000.0
13517,1976,725,754,2,3,6,130500.0
10140,1974,1350,0,2,3,7,165000.0
10800,1890,1576,978,1,3,8,159500.0
10000,1973,1178,0,1,3,5,157000.0
10542,1993,1325,1093,2,3,9,341000.0
9920,1969,971,0,1,3,5,128500.0
6563,1985,1742,0,2,2,5,275000.0
4426,2004,848,0,1,1,3,144433.33333333334
8120,1970,864,0,1,3,5,124500.0
8172,1954,997,473,2,4,7,135000.0
13286,2007,1698,0,2,3,8,320000.0
6960,1970,864,0,1,3,5,120500.0
21695,1988,1680,0,2,3,5,222000.0
7314,2007,1232,0,2,2,6,194500.0
11475,1958,1776,0,2,4,9,110000.0
6240,1925,848,0,1,2,5,103000.0
5389,1995,1616,0,2,2,5,236500.0
9590,2003,1146,0,2,3,6,187500.0
11404,1998,1153,878,2,3,8,222500.0
10000,1961,1144,0,1,3,6,131400.0
8978,1968,948,0,1,3,6,108000.0
10800,1914,880,888,1,2,6,163000.0
8544,1950,1040,0,2,2,6,93200.0
10463,2005,901,900,2,3,8,239900.0
10800,1987,1200,0,3,3,5,179000.0
9313,2004,864,864,2,3,7,190000.0
9600,1910,768,664,2,2,7,132000.0
6768,1961,912,0,1,3,5,142000.0
8450,2000,1349,0,2,3,6,179000.0
12886,1963,1464,0,2,3,6,175000.0
5395,1993,1337,0,2,2,5,180000.0
8963,1976,1175,1540,3,4,11,299800.0
8795,2000,980,1276,2,4,8,236000.0
11700,1880,1320,1320,1,4,8,265979.0
10593,1996,1720,0,2,3,7,260400.0
8405,1945,1088,441,2,4,9,98000.0
8800,1910,792,348,1,3,7,96500.0
7750,2003,660,660,2,3,6,162000.0
9236,1997,1494,0,2,3,6,217000.0
10240,2005,1038,1060,2,3,8,275500.0
7930,1969,1026,0,1,3,5,156000.0
3230,1999,742,729,2,3,6,172500.0
10769,2007,866,902,2,3,7,212000.0
11616,1978,672,714,2,3,6,158900.0
2280,1999,757,744,2,3,6,179400.0
12257,1995,1328,1203,2,4,9,290000.0
9100,1959,864,0,1,2,5,127500.0
6911,1924,1301,0,1,2,5,100000.0
8640,2009,764,783,2,3,7,215200.0
9430,1999,1268,1097,2,3,8,337000.0
9549,1995,1494,0,1,2,6,270000.0
14587,2008,1506,0,2,2,6,264132.0
10421,1988,980,734,2,3,7,196500.0
12508,1940,983,767,2,4,7,160000.0
9100,2004,1836,0,2,3,8,216837.0
53504,2003,1690,1589,3,4,12,538000.0
7252,1982,858,0,1,2,5,134900.0
8877,1951,1220,0,1,2,6,102000.0
7819,1976,1117,0,1,3,6,107000.0
10150,1958,912,0,1,2,5,114500.0
14226,2006,1973,0,2,3,9,395000.0
4500,1998,1204,0,2,2,5,162000.0
11210,2005,1614,0,2,3,7,221500.0
13350,1974,894,0,1,3,5,142500.0
8400,1977,2020,0,2,4,10,144000.0
10530,1977,1004,0,1,2,4,135000.0
7875,1995,1253,0,2,3,6,176000.0
7153,1992,810,793,2,3,7,175900.0
16285,2001,1430,0,2,3,6,187100.0
9101,1978,1110,0,1,1,4,165500.0
6300,1914,742,742,2,3,9,128000.0
9790,1967,1342,0,2,3,7,161500.0
10800,1915,966,686,2,4,7,139000.0
10142,2004,956,1128,2,4,8,233000.0
6000,1954,901,0,1,2,4,107900.0
12205,1966,976,1111,2,5,9,187500.0
3182,2005,1145,0,2,2,5,160200.0
11333,1976,1062,0,1,3,5,146800.0
9920,1996,1127,886,2,3,8,269790.0
9158,2007,1496,0,2,3,7,225000.0
10832,1994,1086,809,2,3,7,194500.0
8400,1980,888,676,2,3,7,171000.0
8197,1977,1285,0,1,3,7,143500.0
7677,1953,773,0,1,2,4,110000.0
13518,2008,1966,1174,3,4,11,485000.0
7200,1937,981,787,1,3,7,175000.0
12798,1997,616,1072,2,4,8,200000.0
4800,1916,1196,0,1,2,5,109900.0
8199,2005,728,728,2,3,7,189000.0
13891,2008,1734,1088,3,4,12,582933.0
9000,1954,1128,0,1,2,5,118000.0
12274,2008,1428,0,2,3,6,227680.0
9750,1967,980,0,2,3,6,135500.0
21384,1923,1072,504,1,3,6,223500.0
13400,1966,1086,0,1,3,6,159950.0
8100,1898,1075,1063,2,2,11,106000.0
10140,1974,1309,0,1,3,5,181000.0
4438,2004,848,0,1,1,4,144500.0
8712,1952,1044,0,1,2,4,55993.0
9750,1958,1442,0,1,4,7,157900.0
8248,1918,686,564,1,3,7,116000.0
12137,1998,1661,0,2,3,6,224900.0
11425,1954,1008,0,1,2,4,137000.0
13265,2002,1689,0,2,3,7,271000.0
8816,1971,1052,0,1,3,6,155000.0
6371,2009,1358,0,2,2,6,224000.0
7226,2003,798,842,2,3,6,183000.0
6000,1953,936,0,1,2,4,93000.0
12394,2003,847,886,2,3,7,225000.0
9900,1940,944,545,2,3,7,139500.0
11216,2006,1489,0,2,3,7,232600.0
14803,2007,2084,0,2,2,7,385000.0
6130,1924,784,0,1,2,5,109500.0
8529,2001,1434,0,2,3,6,189000.0
28698,1967,1160,966,2,3,7,185000.0
2544,2005,520,623,2,2,4,147400.0
11900,1957,1392,0,1,3,6,166000.0
3180,2005,520,600,2,2,4,147576.0
9548,2003,941,888,2,3,7,237000.0
10004,1964,1516,0,1,3,6,167000.0
7875,1961,1144,0,1,3,6,139950.0
9600,1950,1067,0,2,2,4,128000.0
8100,1948,1559,0,1,2,5,153500.0
1680,1973,483,504,1,2,5,100000.0
9525,1995,1099,0,1,3,6,144000.0
11767,1946,768,432,1,3,6,130500.0
12155,1925,810,672,2,4,7,140000.0
10440,1904,958,581,2,3,8,157500.0
9020,1966,1165,0,1,3,6,174900.0
8000,1961,1800,0,2,6,10,141000.0
12665,1915,876,540,1,4,7,153900.0
16647,1975,1701,0,2,3,6,171000.0
9317,1993,1006,769,2,3,7,213000.0
15523,1972,864,0,1,3,5,133500.0
45600,1908,1307,1051,3,5,10,240000.0
9600,1976,1094,761,2,3,7,187000.0
4435,2003,848,0,1,1,3,134000.0
3196,2003,1456,0,2,2,7,215000.0
7128,1941,918,728,2,4,7,164000.0
12095,1964,1445,0,1,3,7,158000.0
17920,1955,1779,0,1,3,6,170000.0
6897,1962,1040,0,1,3,6,127000.0
10970,1978,1026,0,1,3,5,147000.0
8125,1994,702,779,2,3,6,174000.0
10400,1976,1370,0,2,3,6,152000.0
11029,1968,1512,1142,2,4,9,250000.0
7642,1918,912,514,1,3,7,189950.0
11625,1965,1039,0,1,3,6,131500.0
9672,1984,1097,0,2,3,6,152000.0
7931,1959,1148,0,1,3,6,132500.0
8640,2007,1372,0,2,3,6,250580.0
8750,1970,1002,0,1,3,5,148500.0
10656,2006,1646,0,2,3,6,248900.0
6970,1961,1120,0,1,3,5,129000.0
14762,1948,1547,720,2,2,7,169000.0
9938,1993,1062,887,2,3,8,236000.0
6600,1962,894,0,1,2,5,109500.0
8750,1998,804,878,2,3,7,200500.0
8892,1953,910,0,1,3,5,116000.0
12144,1949,1036,0,1,3,6,133000.0
5720,1941,676,455,1,3,5,66500.0
9000,2007,1184,1426,2,4,11,303477.0
25286,1963,1040,0,1,3,5,132250.0
8834,2004,1462,762,2,4,10,350000.0
11782,1961,1155,0,1,3,6,148000.0
7000,1978,864,0,1,3,6,136500.0
7024,2005,1090,0,1,2,5,157000.0
13758,1990,1187,530,2,3,7,187500.0
9636,1992,808,785,2,3,7,178000.0
6204,1912,954,795,1,5,10,118500.0
7150,1967,892,0,1,3,5,100000.0
5119,1999,1709,0,2,2,5,328900.0
8393,1959,1712,0,2,4,8,145000.0
16466,1955,872,521,1,3,8,135500.0
15865,1970,2217,0,2,4,8,268000.0
12160,1953,1505,0,1,2,6,149500.0
8064,1949,672,252,1,3,6,122900.0
11184,1978,918,765,2,3,7,172500.0
8414,1963,1068,0,1,3,6,154500.0
13284,1954,1383,0,1,3,6,165000.0
7018,1979,1535,0,2,4,8,118911.0
7056,1963,983,813,1,4,8,140000.0
8765,1936,951,0,1,2,6,106500.0
7018,1979,1120,1120,2,6,12,142953.0
12919,2009,2364,0,2,2,11,611657.0
6993,1961,1236,0,1,3,6,135000.0
7340,1971,858,0,1,2,4,110000.0
8712,1957,1306,0,1,2,5,153000.0
7875,2003,807,702,2,3,8,180000.0
14859,2006,1670,0,2,3,7,240000.0
6173,1967,902,0,1,3,6,125500.0
9920,1954,1063,0,1,3,6,128000.0
13501,2006,1636,0,2,3,8,255000.0
11500,1936,1020,1037,1,3,6,250000.0
8885,1983,902,0,1,2,5,131000.0
12589,2005,742,742,2,3,8,174000.0
11600,1960,1105,1169,2,5,12,154300.0
9286,1977,1268,0,1,3,5,143500.0
6120,1925,1015,0,1,3,6,88000.0
6270,1949,1001,1001,2,4,8,145000.0
3000,2009,612,612,2,2,4,173733.0
2001,1970,546,546,1,3,6,75000.0
9000,1949,480,0,0,1,4,35311.0
17140,1956,1229,0,1,3,6,135000.0
13125,1991,912,1215,2,4,8,238000.0
11029,1958,1414,0,1,3,6,176500.0
8462,1994,936,785,2,3,7,201000.0
8777,1900,1272,928,2,4,9,145900.0
10237,2005,1316,0,2,3,6,169990.0
8012,1993,1617,0,2,2,5,193000.0
10240,1980,1686,0,2,3,7,207500.0
15611,1977,1126,0,2,3,6,175000.0
11999,2003,1234,1140,2,4,10,285000.0
9900,1968,1098,880,2,4,9,176000.0
11838,2001,1788,0,2,3,7,236500.0
13006,1997,993,1243,2,4,8,222000.0
8925,2007,1466,0,2,3,7,201000.0
9100,1965,925,0,1,2,5,117500.0
11670,2006,1905,0,2,3,8,320000.0
8487,2004,1500,0,2,3,6,190000.0
27650,1960,2069,0,2,4,9,242000.0
5825,1926,747,0,1,1,5,79900.0
10083,2003,1200,0,2,2,5,184900.0
9675,2005,1113,858,2,3,8,253000.0
8760,2006,1391,571,2,3,7,239799.0
24090,1940,1207,1196,2,4,10,244400.0
12640,1976,1728,0,2,4,8,150900.0
8755,1999,1022,1038,2,3,8,214000.0
7711,1977,1440,0,2,4,8,150000.0
25000,1967,1632,0,2,4,8,143000.0
14375,1958,1344,0,1,3,7,137500.0
8820,1890,1188,561,1,2,7,124900.0
8163,1959,1144,0,1,3,6,143000.0
14536,2002,1629,0,2,3,9,270000.0
14006,2002,936,840,2,3,7,192500.0
9360,1972,1381,0,1,3,5,197500.0
7200,1950,864,0,1,3,5,129000.0
7800,1965,965,0,1,3,6,119900.0
7200,1972,768,0,1,2,5,133900.0
11075,1969,1168,800,2,4,7,172000.0
9400,1975,980,0,2,4,4,127500.0
7136,1946,979,979,2,4,8,145000.0
1300,1980,561,668,1,2,5,124000.0
7420,1962,1057,0,1,3,6,132000.0
8450,2003,1337,0,2,3,6,185000.0
2572,1999,696,720,2,3,6,155000.0
7207,1958,858,0,1,2,4,116500.0
12227,1977,1542,1330,2,4,11,272000.0
2308,1976,804,744,2,3,7,155000.0
11923,2007,1800,0,2,2,7,239000.0
11316,2002,824,1070,2,4,8,214900.0
10237,2005,783,701,2,3,8,178900.0
9600,1940,976,332,1,2,7,160000.0
7390,1955,1098,0,1,3,6,135000.0
5925,1910,600,368,1,2,6,37900.0
10382,1958,1095,0,1,2,6,140000.0
10800,1949,720,472,1,4,6,135000.0
2268,2003,764,862,2,2,6,173000.0
7892,1979,918,0,2,2,5,99500.0
11639,2007,1428,0,2,3,6,182000.0
11414,1910,1136,883,1,3,8,167500.0
2651,2000,673,709,2,3,6,165000.0
5900,1923,869,0,1,2,4,85500.0
4274,2006,1241,0,1,1,4,199900.0
9450,1954,894,0,1,3,5,110000.0
8816,1963,1121,0,1,3,5,139000.0
12122,1961,999,0,1,3,6,178400.0
12203,1998,1276,1336,2,4,8,336000.0
3182,2007,1266,0,2,2,6,159895.0
11250,2002,1149,1141,2,4,9,255900.0
10125,1977,1302,432,2,4,8,126000.0
10880,1950,1164,0,1,3,5,125000.0
5310,1910,1001,634,1,2,5,117000.0
10159,2009,1940,0,2,3,8,395192.0
12046,1976,1118,912,2,4,8,195000.0
8125,2006,778,798,2,3,6,197000.0
9452,1997,1407,985,2,3,7,348000.0
17671,1882,916,826,1,4,8,168000.0
9760,1964,1020,831,2,3,7,187000.0
8846,2005,750,750,2,3,6,173900.0
12456,2006,1718,0,2,3,7,337500.0
4712,1946,774,456,1,3,5,121600.0
10659,1961,1050,0,1,3,6,136500.0
11717,1970,1442,0,2,2,6,185000.0
9786,1922,1077,0,1,3,6,91000.0
6762,2006,1208,0,2,2,6,206000.0
10206,1952,944,0,1,2,4,82000.0
5400,1920,691,0,1,2,4,86000.0
11957,2006,1574,0,2,3,7,232000.0
11500,1976,1680,0,2,4,8,136905.0
3182,2005,1504,0,2,1,7,181000.0
8385,1977,985,0,2,3,6,149900.0
12155,1970,1657,0,2,3,7,163500.0
2217,1970,546,546,1,3,6,88000.0
12118,2004,1710,0,2,3,7,240000.0
6000,1926,1008,0,2,4,7,102000.0
21286,1948,720,551,2,4,7,135000.0
9825,1965,1664,0,2,4,8,100000.0
10592,1923,900,602,1,3,7,165000.0
7200,1910,1022,0,1,2,4,85000.0
11664,1948,1082,0,1,2,5,119200.0
8400,2001,810,855,2,3,6,227000.0
11883,1996,1504,0,2,3,6,203000.0
5814,1984,1360,0,1,1,4,187500.0
10784,1991,802,670,2,3,7,160000.0
3013,2005,1506,0,2,2,6,213490.0
7024,2005,1132,0,1,2,5,176000.0
7406,2006,1220,0,2,2,6,194000.0
9439,1930,912,336,1,2,6,87000.0
3182,2005,1504,0,2,2,7,191000.0
15498,1976,2898,0,2,2,10,287000.0
7700,1972,882,0,1,3,5,112500.0
9300,1960,1264,0,1,3,6,167500.0
9520,2007,1646,0,2,3,7,293077.0
9492,1941,968,408,1,3,6,105000.0
1680,1972,672,546,1,3,7,118000.0
7082,1916,948,980,2,5,10,160000.0
15863,1920,1687,998,2,5,12,197000.0
14541,1993,1352,1168,2,5,10,310000.0
8125,2002,1654,0,2,3,6,230000.0
6305,1938,954,0,1,2,5,119750.0
11500,1957,845,0,1,3,5,84000.0
12898,2007,1620,0,2,2,6,315500.0
9240,2001,1055,1208,2,3,7,287000.0
1533,1970,798,546,1,3,6,97000.0
1477,1970,630,0,1,1,3,80000.0
13125,1957,1803,0,2,3,8,155000.0
9130,1966,800,832,1,4,7,173000.0
5381,2005,1306,0,2,1,5,196000.0
11839,1990,1532,797,2,4,10,262280.0
9600,1981,2524,0,2,4,9,278000.0
13680,1955,1733,0,2,4,8,139600.0
16056,2005,1992,876,3,4,11,556581.0
9245,1994,990,0,1,3,5,145000.0
21750,1960,1771,0,1,3,9,115000.0
11100,1946,930,0,1,2,6,84900.0
8993,2007,1302,0,2,3,6,176485.0
11175,2007,1316,0,2,3,6,200141.0
9500,1964,1127,850,1,4,9,165000.0
8562,1957,1526,0,1,4,7,144500.0
11367,2002,1091,898,2,3,7,255000.0
11361,1976,1523,0,2,3,7,180000.0
7052,2005,1364,0,2,2,6,185850.0
29959,1994,979,871,2,3,7,248000.0
11308,2008,1130,1054,2,3,10,335000.0
11275,1932,1096,895,1,3,7,220000.0
4920,2001,1338,0,2,2,6,213500.0
18000,1935,894,0,1,2,6,81000.0
13600,1900,1422,915,2,5,10,90000.0
6000,1925,1103,0,1,2,5,110500.0
11000,1966,1154,0,1,3,6,154000.0
14000,1996,1306,954,2,3,7,328000.0
7837,1993,799,772,2,3,7,178000.0
9760,1964,798,813,1,4,7,167900.0
3964,1973,1291,1230,2,5,10,151400.0
9600,1949,893,0,1,2,4,135000.0
10152,1956,1048,0,1,3,6,135000.0
11700,1968,829,727,1,4,8,154000.0
7585,1948,1002,454,1,4,7,91500.0
7950,1977,698,728,1,3,6,159500.0
8556,2006,1240,0,2,2,5,194000.0
13125,1940,960,780,1,3,6,219500.0
10800,1936,1096,370,2,3,7,170000.0
15870,1969,1096,0,1,3,6,138800.0
4435,2004,848,0,1,1,3,155900.0
8775,1994,990,0,1,3,5,126000.0
11040,1971,1258,0,2,3,5,145000.0
7500,1963,1040,0,1,3,5,133000.0
8749,2002,1459,0,2,3,6,192000.0
8800,1964,1251,0,1,3,6,160000.0
13031,1995,691,807,2,3,6,187500.0
9069,1992,996,0,1,2,5,147000.0
1974,1973,546,546,1,3,6,83500.0
10574,2005,1082,871,2,3,9,252000.0
2522,2004,970,739,2,3,7,132500.0
3316,2005,1247,0,1,1,4,197000.0
8544,1950,1040,0,2,2,6,93200.0
2160,1999,624,628,2,2,4,160000.0
8400,1925,1390,304,2,4,7,136500.0
9230,1965,1200,0,1,1,6,146000.0
5868,1956,936,0,1,2,4,129000.0
9317,2006,1314,0,2,3,6,176432.0
6882,1914,773,582,1,3,7,127000.0
3696,1986,1088,0,1,2,5,170000.0
6000,1936,757,567,1,3,6,128000.0
11880,1978,1601,0,2,3,7,157000.0
8400,1920,438,0,1,1,3,60000.0
9758,1971,950,0,1,3,5,119500.0
7000,1960,1134,0,1,2,6,135000.0
8910,1959,1194,0,1,3,6,159500.0
2016,1970,630,672,2,3,6,106000.0
12256,1994,1500,1122,2,3,9,325000.0
10357,1990,1442,0,2,3,6,179900.0
23257,2006,887,1134,2,3,9,274725.0
8063,2000,948,742,2,3,7,181000.0
11362,2004,1836,0,2,3,7,280000.0
8000,1995,773,885,2,3,8,188000.0
10480,1976,1098,866,2,4,8,205000.0
7100,1957,816,0,1,2,5,129900.0
8923,1953,1008,0,1,2,6,134500.0
5400,1954,833,0,1,2,4,117000.0
12085,2007,1734,0,2,3,7,318000.0
7750,2002,779,640,2,3,7,184100.0
9764,1967,894,0,1,3,5,130000.0
13825,1958,1021,580,1,3,6,140000.0
7560,1959,1040,0,1,3,6,133700.0
8263,1920,1012,0,1,2,6,118400.0
10084,2005,1552,0,2,3,7,212900.0
8926,1956,960,0,1,3,5,112000.0
9405,1947,698,0,1,2,4,118000.0
9125,1992,812,670,2,3,7,163900.0
10434,1955,1005,0,1,2,5,115000.0
3684,2007,1555,0,2,2,7,174000.0
14572,2004,1530,0,2,3,7,259000.0
11796,2004,847,1112,2,4,8,215000.0
7200,1980,936,0,1,2,4,140000.0
7804,1928,1328,653,2,4,7,135000.0
10712,1991,974,0,1,3,5,93500.0
9900,1880,1178,1032,2,5,8,117500.0
9828,1995,1142,878,2,3,8,239500.0
8773,1997,916,684,2,3,7,169000.0
6180,1926,986,0,1,2,5,102000.0
9600,1950,1032,220,1,3,6,119000.0
6342,1875,780,240,1,2,6,94000.0
9819,1977,1567,0,2,2,5,196000.0
8731,1920,1167,0,1,3,6,144000.0
7350,1951,952,0,1,2,4,139000.0
10304,1976,1088,780,2,4,9,197500.0
9965,2006,1466,1362,3,4,11,424870.0
9000,1959,1006,0,1,3,5,80000.0
12180,1941,672,252,1,2,5,80000.0
6240,1928,1042,534,1,3,8,149000.0
11200,1985,1298,0,2,3,5,180000.0
12000,1941,860,704,1,3,7,174500.0
5700,1926,572,539,1,2,5,116900.0
9000,1920,832,650,1,3,7,143000.0
8280,1950,932,0,1,2,4,124000.0
17755,1959,1466,0,1,3,6,149900.0
14115,1956,1811,0,1,2,6,230000.0
5890,1930,816,0,1,2,5,120500.0
13700,1965,902,918,1,4,8,201800.0
10768,1976,1437,0,2,3,6,218000.0
9350,1965,1265,0,2,3,6,179900.0
5001,2007,1314,0,2,2,6,230000.0
11932,2007,1580,0,2,3,7,235128.0
9120,1974,943,933,2,4,8,185000.0
2280,1978,855,601,2,3,7,146000.0
14778,1954,1640,0,1,3,7,224000.0
8724,1968,894,0,1,3,5,129000.0
12900,1969,1258,0,0,0,6,108959.0
16157,1978,1432,0,1,2,5,194000.0
9541,2009,1502,0,2,3,7,233170.0
10475,2008,1694,0,2,3,7,245350.0
10852,2000,959,712,2,3,7,173000.0
13728,1935,1236,872,2,4,7,235000.0
35760,1995,1831,1796,3,4,10,625000.0
9880,1977,1118,0,1,3,6,171000.0
9120,1958,1261,0,1,3,6,163000.0
4017,2006,625,625,2,2,5,171900.0
18030,1946,1636,971,3,3,12,200500.0
16560,1932,1170,1175,2,4,9,239000.0
10678,1992,2129,743,2,4,9,285000.0
6951,1984,923,0,1,3,5,119500.0
3950,1926,818,406,1,3,5,115000.0
7681,1921,820,523,1,3,7,154900.0
8335,1954,1124,0,1,3,5,93000.0
11170,1990,1298,1216,2,4,8,250000.0
5587,2008,1652,0,2,2,5,392500.0
15623,1996,2411,2065,3,4,10,745000.0
10800,1920,1130,0,1,2,5,120000.0
35133,1963,1572,0,1,3,5,186700.0
9738,1924,949,272,1,4,7,104900.0
10615,1900,1014,685,2,3,7,95000.0
12461,1994,1624,0,2,2,5,262000.0
8935,2002,831,829,2,3,7,195000.0
7500,1999,1028,776,2,3,7,189000.0
32463,1961,1622,0,1,3,7,168000.0
2645,1999,764,677,2,2,5,174000.0
9600,1925,842,630,1,3,6,125000.0
4500,1999,1224,0,2,2,5,165000.0
9364,1969,663,689,1,4,7,158000.0
8029,2005,728,728,2,3,8,176000.0
14054,2006,879,984,2,4,9,219210.0
8850,1916,815,875,1,3,7,144000.0
9100,2001,1212,0,2,3,6,178000.0
11235,1963,1382,0,1,3,6,148000.0
9353,1970,864,0,1,3,5,116050.0
10400,1998,866,913,2,3,6,197900.0
6000,1925,884,464,1,3,5,117000.0
9750,2000,1630,0,2,3,6,213000.0
10140,1975,1074,0,1,3,6,153500.0
14684,1990,2196,0,2,3,7,271900.0
8900,1966,1056,0,1,2,5,107000.0
9135,2003,1700,0,2,3,7,200000.0
7763,1962,1283,0,1,3,6,140000.0
10182,2006,1660,0,2,3,8,290000.0
11218,1992,1055,790,2,3,8,189000.0
12134,1988,1080,672,2,4,8,164000.0
9340,1941,672,0,1,2,4,113000.0
10246,1965,960,0,0,0,3,145000.0
10205,1962,999,0,1,3,6,134500.0
7094,1966,894,0,1,3,5,125000.0
8930,1978,1318,584,2,4,8,112000.0
8640,2009,1314,0,2,3,6,229456.0
6240,1947,672,240,1,2,3,80500.0
1680,1971,672,546,1,3,7,91500.0
7800,1964,912,0,1,2,5,115000.0
8250,1968,1211,0,1,3,5,134000.0
10496,1949,1168,678,2,3,7,143000.0
10680,1951,2136,0,2,4,7,137900.0
15384,2004,788,702,2,3,8,184000.0
10482,1958,1138,0,1,3,6,145000.0
14598,2007,894,1039,2,4,9,214000.0
8872,1965,912,0,1,2,5,147000.0
8769,2008,1702,0,1,1,7,367294.0
7910,1960,1507,0,2,4,7,127000.0
18890,1977,1361,1259,2,4,12,190000.0
7728,1962,1190,0,1,3,6,132500.0
9842,1962,1224,0,2,2,6,101800.0
12160,1959,1188,0,1,3,6,142000.0
8525,1911,1024,940,1,4,7,130000.0
13132,1914,892,892,1,4,9,138887.0
2628,2003,764,862,2,2,6,175500.0
12393,2004,847,1101,2,4,8,195000.0
13072,2005,1141,0,1,3,6,142500.0
9037,2006,1484,0,2,2,6,265900.0
8158,2003,884,884,2,3,8,224900.0
9849,2007,1689,0,2,3,7,248328.0
10625,1974,1173,0,2,3,6,170000.0
13891,2006,2076,0,2,2,7,465000.0
11435,1929,792,725,1,3,7,230000.0
12090,1984,1140,728,3,3,7,178000.0
8125,2005,756,797,2,3,6,186500.0
12328,1976,1034,0,1,3,6,169900.0
9600,1917,1134,924,1,3,8,129500.0
7200,1950,988,0,1,3,6,119000.0
11160,1968,2110,0,2,3,8,244000.0
3136,2003,1405,0,2,2,6,171750.0
9858,1968,874,0,1,3,5,130000.0
17542,1974,1516,651,2,3,9,294000.0
6931,2003,760,896,2,3,7,165400.0
6240,1931,959,408,1,3,6,127500.0
14303,1994,1987,0,2,2,7,301500.0
4060,1922,864,0,1,2,4,99900.0
9587,2005,1166,0,2,2,5,190000.0
9750,1969,1054,0,1,3,6,151000.0
24682,1999,892,783,2,3,7,181000.0
9600,1956,1050,0,1,2,5,128900.0
11250,1957,1104,684,1,5,8,161500.0
13515,1919,1060,764,1,3,8,180500.0
4060,1998,1337,0,2,2,5,181000.0
3735,1999,713,739,2,3,6,183900.0
10120,1910,964,925,1,4,9,122000.0
13214,2008,2018,0,2,3,10,378500.0
14100,1935,1968,1479,3,4,11,381000.0
11344,1958,874,650,1,3,7,144000.0
23595,1979,1332,192,0,0,4,260000.0
9156,1968,1489,0,2,3,7,185750.0
13526,1965,935,0,1,3,5,137000.0
11512,1959,1357,0,1,2,5,177000.0
5362,1910,661,589,2,3,8,139000.0
11345,1948,928,992,2,4,10,137000.0
12936,1972,735,660,1,3,6,162000.0
17871,1967,1724,0,1,3,7,197900.0
9473,2002,1128,903,2,3,7,237000.0
7500,1920,698,430,1,2,6,68400.0
9808,2002,1573,0,2,3,6,227000.0
8049,1990,1339,0,2,2,6,180000.0
8800,1977,1040,0,2,3,5,150500.0
9400,1971,912,912,2,4,8,139000.0
9638,1919,1699,748,2,4,10,169000.0
6000,1939,825,587,1,4,6,132500.0
9790,1963,1328,0,1,3,6,143000.0
36500,1964,1582,0,2,4,7,190000.0
5664,2000,1659,0,2,2,5,278000.0
11065,2006,1120,850,2,3,8,281000.0
14112,1964,1152,0,1,3,6,180500.0
1680,1972,630,672,2,3,6,119500.0
6600,1892,1378,994,2,4,11,107500.0
10140,1976,832,832,2,4,8,162900.0
8172,1955,864,0,1,2,5,115000.0
8400,1968,1052,0,1,3,5,138500.0
8700,1963,1128,0,2,3,6,155000.0
3675,2005,1072,0,2,2,5,140000.0
63887,2008,4692,950,2,3,12,160000.0
7500,1959,1246,0,1,3,6,154000.0
10762,1999,1005,978,2,3,9,225000.0
7500,1942,753,741,1,3,7,177500.0
10120,1994,1203,1323,2,4,8,290000.0
8688,2005,1616,0,2,3,7,232000.0
3363,2004,976,732,2,3,7,130000.0
13173,2006,1652,0,2,2,6,325000.0
6955,2005,1368,0,2,2,6,202500.0
8072,1994,990,0,1,3,5,138000.0
12000,1948,1122,0,1,2,6,147000.0
7153,1991,1294,0,2,3,6,179200.0
17500,1959,1902,0,2,3,7,335000.0
8814,2005,1274,0,2,3,6,203000.0
9572,1990,1453,1357,2,4,9,302000.0
14774,1999,1422,1177,2,4,10,333168.0
8190,1954,948,0,1,3,5,119000.0
11075,1969,1092,1020,2,4,9,206900.0
10226,2008,1630,0,2,3,8,295493.0
4230,2006,1352,0,2,2,5,208900.0
14781,2001,1787,0,2,3,7,275000.0
10215,1954,948,0,1,3,5,111000.0
8400,1957,1478,0,1,3,6,156500.0
6627,1949,720,0,1,2,4,72500.0
10186,1992,1061,862,2,3,8,190000.0
5330,1940,708,0,1,2,5,82500.0
9986,2006,1795,0,2,2,7,147000.0
3636,1922,796,0,1,2,5,55000.0
4270,1931,774,0,1,3,6,79000.0
6600,1982,816,0,1,3,5,130500.0
10440,1920,1584,1208,2,5,8,256000.0
9084,1998,955,677,2,3,8,176500.0
10000,2006,1588,0,2,3,7,227000.0
10780,1976,954,0,1,3,6,132500.0
8877,1938,816,0,1,2,3,100000.0
7200,1938,803,557,1,2,6,125500.0
2368,1970,765,600,1,3,7,125000.0
9650,1977,1334,0,2,2,6,167900.0
9246,1973,1656,0,2,4,8,135000.0
4118,1941,693,0,1,2,4,52500.0
13450,2002,920,941,2,3,8,200000.0
9560,1972,864,0,1,3,5,128500.0
8294,1971,872,0,1,3,5,123000.0
13695,2003,1114,0,1,3,6,155000.0
9375,2002,1284,885,2,3,7,228500.0
7558,1928,1172,741,1,3,9,177000.0
11103,2006,728,728,2,3,8,155835.0
6000,1920,960,0,1,2,5,108500.0
20781,1968,2156,0,2,3,9,262500.0
15306,2006,1776,0,2,3,7,283463.0
16196,1998,1494,0,2,3,5,215000.0
5250,1872,938,1215,2,4,8,122000.0
11643,1969,1338,1296,2,6,12,200000.0
9247,1962,858,858,1,4,8,171000.0
6000,1937,786,390,1,2,4,134900.0
14720,1995,2053,1185,2,4,9,410000.0
10316,2000,992,873,2,3,7,235000.0
10192,1968,1222,698,3,4,8,170000.0
9477,1966,892,0,1,3,5,110000.0
12537,1971,1078,0,1,3,6,149900.0
2117,2000,769,804,2,3,5,177500.0
16737,2004,1980,0,2,3,8,315000.0
9842,1921,990,1611,3,4,8,189000.0
16158,2005,1530,0,2,3,7,260000.0
12513,1920,1281,457,2,4,7,104900.0
8499,2006,616,796,2,3,6,156932.0
3180,2005,520,600,2,2,4,147576.0
7500,2000,814,860,2,3,7,216000.0
9179,1999,882,908,2,3,7,193000.0
2665,1977,925,550,2,4,6,127000.0
4435,2003,848,0,1,1,4,142000.0
10635,2003,1668,0,2,3,8,232000.0
5400,1920,840,534,1,2,6,105000.0
9600,1955,1661,0,1,3,8,165500.0
9750,1998,1108,989,2,3,8,274300.0
11400,2001,2633,0,2,2,8,466500.0
10625,2005,1026,932,2,3,9,250000.0
10991,2007,1571,0,2,3,7,239000.0
6292,1930,790,0,1,2,4,91000.0
10998,1941,984,620,2,3,6,117000.0
1953,1973,483,504,1,2,5,83000.0
9735,2006,754,640,2,3,7,167500.0
8212,1914,864,0,1,2,5,58500.0
12925,1970,2117,0,2,4,7,237500.0
7200,1920,998,764,1,4,8,157000.0
25339,1918,1416,0,2,3,7,112000.0
9060,1939,698,560,1,2,6,105000.0
5436,1922,796,358,1,3,7,125500.0
16692,1978,1392,1392,3,5,12,250000.0
8520,1916,1664,862,2,5,10,136000.0
14892,2006,1746,0,2,3,7,377500.0
6000,1941,869,349,1,3,6,131000.0
9100,2000,1525,0,2,3,6,235000.0
8944,1967,1584,0,2,4,8,124000.0
7838,1967,900,0,1,3,6,123000.0
10800,1905,1221,691,2,3,7,163000.0
4045,2006,1500,0,2,2,6,246578.0
12665,2005,1133,1349,2,4,9,281213.0
57200,1948,1687,0,1,3,7,160000.0
6120,1920,939,574,1,4,8,137500.0
7200,1950,1136,768,1,3,7,138000.0
6171,1925,1160,448,2,3,7,137450.0
6000,1929,950,208,1,3,5,120000.0
7415,2004,864,729,2,3,8,193000.0
6762,2006,1294,0,2,2,6,193879.0
15256,2007,1464,0,2,3,6,282922.0
10410,1915,694,520,1,3,6,105000.0
3842,2004,1646,0,2,2,5,275000.0
8445,1972,768,0,1,2,5,133000.0
8780,1985,833,0,1,3,5,112000.0
7740,1910,741,622,1,3,6,125500.0
20544,1986,1236,857,2,3,7,215000.0
12420,2001,944,896,2,3,6,230000.0
9600,1950,1112,556,1,3,6,140000.0
7200,1949,1040,0,2,2,6,90000.0
10994,2005,1844,0,2,2,7,257000.0
13053,1923,1053,795,1,4,8,207000.0
3635,2007,1569,0,2,1,7,175900.0
11340,1885,1246,1044,2,4,11,122500.0
16545,1998,1310,1140,2,3,7,340000.0
9204,1963,1144,0,1,3,6,124000.0
16381,1969,1844,0,2,3,7,223000.0
11700,1968,708,708,2,3,7,179900.0
4043,1977,1069,0,2,2,4,133750.0
4435,2003,848,0,1,1,3,134000.0
19690,1966,1575,626,2,4,8,274970.0
9503,1958,1344,0,1,2,6,144000.0
10721,1959,1252,0,1,3,7,142000.0
10944,1994,1223,904,2,3,5,271000.0
10930,1945,1048,510,1,3,6,140000.0
7200,1940,804,0,1,2,4,119000.0
12546,1981,1440,0,2,3,7,182900.0
21930,2005,734,1104,2,4,7,192140.0
4928,1976,958,0,2,2,5,135875.0
10800,1927,968,0,2,4,5,64500.0
10261,2000,962,830,2,3,8,186500.0
17400,1977,1126,0,2,3,5,160000.0
8400,1962,1537,0,1,3,7,174000.0
9000,1971,864,0,1,3,5,120500.0
12444,2008,1932,0,2,2,7,394617.0
7407,1957,1236,0,1,2,6,149700.0
11584,1979,1040,685,2,3,6,197000.0
11526,1922,1423,748,2,3,11,191000.0
4426,2004,848,0,1,1,3,144433.33333333334
11003,2008,1026,981,2,3,10,310000.0
8854,1916,952,0,1,2,4,121000.0
8500,2004,1422,0,2,3,7,179600.0
8400,1966,913,0,1,3,6,129000.0
26142,1962,1188,0,1,3,6,157900.0
10000,1995,1220,870,2,3,8,240000.0
11767,1910,796,550,1,2,6,112000.0
1533,1970,630,0,1,1,3,92000.0
9000,1974,896,896,2,4,8,136000.0
9262,2008,1578,0,2,3,7,287090.0
3675,2005,1072,0,1,2,5,146500.0
17217,2006,1140,0,1,3,6,84500.0
7500,2004,1221,0,2,2,6,185000.0
7917,1999,953,694,2,3,7,175000.0
13175,1978,2073,0,2,3,7,210000.0
9042,1941,1188,1152,2,4,9,266500.0
9717,1950,1078,0,1,2,5,142125.0
9937,1965,1256,0,1,3,6,147500.0
